{
	"id": "d6eec73c-185d-4028-be5d-baf2cca25f70",
	"name": "ATX14-Demo2",
	"values": [
		{
			"key": "apic",
			"value": "198.18.133.200",
			"enabled": true
		},
		{
			"key": "username",
			"value": "admin",
			"enabled": true
		},
		{
			"key": "password",
			"value": "C1sco12345",
			"enabled": true
		},
		{
			"key": "tenant",
			"value": "ATX14-Demo2",
			"enabled": true
		}
	],
	"_postman_variable_scope": "environment",
	"_postman_exported_at": "2021-08-04T06:02:57.199Z",
	"_postman_exported_using": "Postman/7.2.2"
}