{
	"info": {
		"_postman_id": "e88995c1-1bc8-4afe-8704-e8fbe07353d4",
		"name": "ATX14-Demo2",
		"schema": "https://schema.getpostman.com/json/collection/v2.1.0/collection.json"
	},
	"item": [
		{
			"name": "00-APIC_Login",
			"request": {
				"auth": {
					"type": "noauth"
				},
				"method": "POST",
				"header": [
					{
						"key": "Content-Type",
						"name": "Content-Type",
						"type": "text",
						"value": "application/x-www-form-urlencoded"
					}
				],
				"body": {
					"mode": "raw",
					"raw": "{\n  \"aaaUser\":{\n    \"attributes\":{\n      \"name\":\"{{username}}\",\n      \"pwd\":\"{{password}}\"\n                 }\n            }\n}"
				},
				"url": {
					"raw": "https://{{apic}}/api/aaaLogin.json",
					"protocol": "https",
					"host": [
						"{{apic}}"
					],
					"path": [
						"api",
						"aaaLogin.json"
					]
				}
			},
			"response": []
		}
	]
}