Hostname,Environment,Model,Serial# ,Host IP,POD,Rack,n2k 1GB,Speed,5548,MAC,VLAN,Node,Module,Port,EPG
Web-srv01,Prod,C220M4,ja1234567,10.5.1.10,1,25,N/A,1,5548,,1050,210,1,1,WEB
Web-srv02,Prod,C220M4,ja1234568,10.5.1.11,1,25,N/A,1,5548,,1050,210,1,2,WEB
Web-srv03,Prod,C220M4,ja1234569,10.5.1.12,1,25,N/A,1,5548,,1050,210,1,3,WEB
db-srv01,Prod,C220M4,ja1234570,10.5.2.10,1,25,N/A,1,5548,,1051,210,1,4,DB
db-srv02,Prod,C220M4,ja1234571,10.5.2.11,1,25,N/A,1,5548,,1051,210,1,5,DB
db-srv03,Prod,C220M4,ja1234572,10.5.2.12,1,25,N/A,1,5548,,1051,210,1,6,DB
App-srv01,Prod,C220M4,ja1234573,10.5.3.10,1,25,N/A,1,5548,,1053,210,1,7,APP
App-srv02,Prod,C220M4,ja1234574,10.5.3.11,1,25,N/A,1,5548,,1053,210,1,8,APP
App-srv03,Prod,C220M4,ja1234575,10.5.3.12,1,25,N/A,1,5548,,1053,210,1,9,APP