{
	"id": "68235328-bfe5-4df6-bea4-3e10a4635d8b",
	"name": "ATX-Migrate",
	"values": [
		{
			"key": "apic",
			"value": "198.18.133.200",
			"enabled": true
		},
		{
			"key": "username",
			"value": "admin",
			"enabled": true
		},
		{
			"key": "password",
			"value": "C1sco12345",
			"enabled": true
		},
		{
			"key": "tenant",
			"value": "ATX14-Migrate",
			"enabled": true
		},
		{
			"key": "vrf",
			"value": "Prod",
			"enabled": true
		}
	],
	"_postman_variable_scope": "environment",
	"_postman_exported_at": "2021-08-03T16:13:05.253Z",
	"_postman_exported_using": "Postman/7.2.2"
}