{
	"id": "4c0c44e0-7a89-4c21-8054-32d4057309bb",
	"name": "ATX14-Demo1",
	"values": [
		{
			"key": "apic",
			"value": "198.18.133.200",
			"enabled": true
		},
		{
			"key": "username",
			"value": "admin",
			"enabled": true
		},
		{
			"key": "password",
			"value": "C1sco12345",
			"enabled": true
		},
		{
			"key": "tenant",
			"value": "ATX14Demo",
			"enabled": true
		}
	],
	"_postman_variable_scope": "environment",
	"_postman_exported_at": "2021-08-03T16:13:00.560Z",
	"_postman_exported_using": "Postman/7.2.2"
}