{
	"id": "16b1656f-27a4-49d1-8119-ed40a4738032",
	"name": "mso-aci-141",
	"values": [
		{
			"key": "apic",
			"value": "14.2.172.141",
			"enabled": true
		},
		{
			"key": "username",
			"value": "admin",
			"enabled": true
		},
		{
			"key": "password",
			"value": "cisco!123",
			"enabled": true
		},
		{
			"key": "tenant",
			"value": "ACI-141-T01",
			"enabled": true
		}
	],
	"_postman_variable_scope": "environment",
	"_postman_exported_at": "2020-12-17T16:25:05.139Z",
	"_postman_exported_using": "Postman/7.36.0"
}