{
	"id": "73601294-6d2f-4274-b035-66c9b061467a",
	"name": "mso-aci-142",
	"values": [
		{
			"key": "apic",
			"value": "14.2.172.142",
			"enabled": true
		},
		{
			"key": "username",
			"value": "admin",
			"enabled": true
		},
		{
			"key": "password",
			"value": "cisco!123",
			"enabled": true
		},
		{
			"key": "tenant",
			"value": "ACI-142-T01",
			"enabled": true
		}
	],
	"_postman_variable_scope": "environment",
	"_postman_exported_at": "2020-12-17T16:25:34.107Z",
	"_postman_exported_using": "Postman/7.36.0"
}